Time,Well 101,Well 102,Well 103,Well 104,Well 105,Well 106,Well 107,Well 108,Well 109,Well 110,Well 111,Well 112,Well 113,Well 114,Well 115,Well 116,Well 117,Well 118,Well 119,Well 120,Well 121,Well 122,Well 123,Well 124,Well 125,Well 126,Well 127,Well 128,Well 129,Well 130,Well 131,Well 132,Well 133,Well 134,Well 135,Well 136,Well 137,Well 138,Well 139,Well 140,Well 141,Well 142,Well 143,Well 144,Well 145,Well 146,Well 147,Well 148,Well 149,Well 150,Well 151,Well 152,Well 153,Well 154,Well 155,Well 156,Well 157,Well 158,Well 159,Well 160,Well 161,Well 162,Well 163,Well 164,Well 165,Well 166,Well 167,Well 168,Well 169,Well 170,Well 171,Well 172,Well 173,Well 174,Well 175,Well 176,Well 177,Well 178,Well 179,Well 180,Well 181,Well 182,Well 183,Well 184,Well 185,Well 186,Well 187,Well 188,Well 189,Well 190,Well 191,Well 192,Well 193,Well 194,Well 195,Well 196,Well 197,Well 198,Well 199,Well 200
00:00:05,0.073,0.088,0.086,0.088,0.090,0.090,0.090,0.088,0.087,0.077,0.085,0.088,0.089,0.088,0.091,0.111,0.087,0.083,0.085,0.088,0.089,0.085,0.092,0.090,0.089,0.089,0.088,0.081,0.083,0.086,0.085,0.082,0.085,0.084,0.085,0.086,0.084,0.080,0.083,0.083,0.084,0.082,0.087,0.088,0.087,0.089,0.086,0.087,0.087,0.089,0.091,0.087,0.087,0.087,0.085,0.086,0.085,0.084,0.085,0.086,0.087,0.086,0.074,0.075,0.074,0.074,0.073,0.074,0.075,0.076,0.076,0.075,0.078,0.076,0.075,0.075,0.076,0.076,0.078,0.077,0.078,0.076,0.076,0.077,0.076,0.077,0.076,0.077,0.076,0.078,0.077,0.079,0.080,0.082,0.084,0.083,0.078,0.077,0.078,0.084
00:12:46,0.071,0.085,0.086,0.086,0.089,0.088,0.087,0.084,0.083,0.074,0.082,0.084,0.084,0.085,0.087,0.113,0.084,0.080,0.082,0.083,0.081,0.082,0.088,0.086,0.085,0.085,0.082,0.079,0.079,0.080,0.078,0.077,0.080,0.080,0.080,0.081,0.081,0.078,0.080,0.080,0.079,0.079,0.081,0.082,0.083,0.085,0.082,0.083,0.084,0.085,0.084,0.082,0.083,0.083,0.082,0.082,0.082,0.086,0.084,0.086,0.084,0.083,0.072,0.071,0.071,0.071,0.070,0.071,0.072,0.073,0.072,0.072,0.074,0.073,0.072,0.071,0.073,0.074,0.076,0.073,0.072,0.071,0.072,0.074,0.073,0.074,0.072,0.073,0.073,0.074,0.072,0.073,0.074,0.076,0.077,0.078,0.074,0.073,0.073,0.075
00:27:38,0.072,0.086,0.087,0.091,0.090,0.090,0.088,0.086,0.084,0.074,0.083,0.085,0.088,0.087,0.089,0.118,0.085,0.081,0.082,0.084,0.083,0.083,0.087,0.086,0.085,0.085,0.083,0.080,0.080,0.081,0.079,0.078,0.081,0.081,0.082,0.082,0.082,0.079,0.081,0.082,0.080,0.080,0.083,0.085,0.084,0.088,0.084,0.084,0.086,0.086,0.085,0.085,0.084,0.085,0.084,0.084,0.084,0.086,0.086,0.087,0.084,0.083,0.072,0.072,0.071,0.072,0.070,0.072,0.072,0.073,0.072,0.072,0.074,0.073,0.072,0.072,0.073,0.074,0.076,0.073,0.072,0.072,0.072,0.074,0.073,0.074,0.073,0.073,0.073,0.074,0.072,0.073,0.074,0.076,0.077,0.078,0.074,0.073,0.073,0.076
00:42:39,0.072,0.090,0.088,0.093,0.091,0.091,0.089,0.087,0.085,0.074,0.084,0.086,0.088,0.087,0.090,0.123,0.086,0.082,0.084,0.086,0.084,0.085,0.088,0.086,0.086,0.085,0.083,0.080,0.081,0.081,0.079,0.079,0.082,0.081,0.082,0.082,0.082,0.079,0.081,0.082,0.081,0.080,0.085,0.087,0.085,0.088,0.084,0.086,0.088,0.089,0.086,0.085,0.085,0.086,0.085,0.085,0.085,0.089,0.087,0.088,0.085,0.083,0.072,0.072,0.071,0.072,0.070,0.072,0.072,0.073,0.072,0.072,0.074,0.074,0.073,0.072,0.073,0.074,0.076,0.073,0.072,0.072,0.073,0.074,0.073,0.074,0.073,0.073,0.073,0.074,0.073,0.073,0.074,0.076,0.077,0.078,0.074,0.073,0.073,0.076
00:57:48,0.072,0.092,0.090,0.095,0.093,0.093,0.090,0.087,0.086,0.074,0.086,0.087,0.091,0.089,0.092,0.128,0.088,0.083,0.084,0.086,0.086,0.086,0.088,0.086,0.086,0.085,0.083,0.080,0.081,0.081,0.079,0.078,0.082,0.081,0.082,0.082,0.082,0.079,0.081,0.083,0.081,0.080,0.087,0.089,0.087,0.089,0.086,0.087,0.088,0.089,0.087,0.086,0.087,0.088,0.086,0.087,0.087,0.085,0.087,0.086,0.087,0.086,0.072,0.073,0.071,0.072,0.071,0.072,0.072,0.073,0.072,0.072,0.074,0.074,0.073,0.072,0.073,0.074,0.076,0.073,0.072,0.072,0.072,0.074,0.073,0.074,0.073,0.073,0.073,0.074,0.072,0.073,0.074,0.077,0.077,0.078,0.074,0.073,0.073,0.076
01:12:44,0.072,0.094,0.091,0.094,0.094,0.095,0.091,0.089,0.087,0.074,0.090,0.088,0.093,0.091,0.092,0.133,0.088,0.083,0.085,0.087,0.086,0.086,0.088,0.086,0.086,0.085,0.084,0.080,0.080,0.081,0.079,0.079,0.081,0.082,0.082,0.082,0.082,0.080,0.082,0.082,0.081,0.080,0.087,0.089,0.089,0.091,0.088,0.088,0.089,0.089,0.088,0.087,0.088,0.089,0.088,0.087,0.088,0.090,0.086,0.087,0.087,0.085,0.072,0.072,0.071,0.071,0.071,0.072,0.072,0.073,0.073,0.072,0.074,0.074,0.073,0.072,0.073,0.074,0.076,0.073,0.072,0.072,0.073,0.074,0.074,0.074,0.073,0.073,0.073,0.074,0.073,0.073,0.074,0.076,0.077,0.078,0.074,0.073,0.072,0.076
01:27:44,0.072,0.093,0.092,0.096,0.095,0.095,0.092,0.089,0.087,0.074,0.090,0.087,0.091,0.090,0.092,0.137,0.088,0.083,0.085,0.087,0.086,0.086,0.088,0.085,0.086,0.085,0.083,0.079,0.080,0.081,0.078,0.079,0.081,0.081,0.081,0.082,0.082,0.079,0.081,0.083,0.081,0.080,0.089,0.091,0.089,0.092,0.089,0.088,0.090,0.091,0.089,0.088,0.088,0.090,0.089,0.088,0.089,0.091,0.087,0.090,0.088,0.088,0.072,0.072,0.071,0.071,0.070,0.072,0.072,0.073,0.072,0.072,0.074,0.073,0.073,0.072,0.073,0.074,0.076,0.073,0.072,0.072,0.072,0.074,0.074,0.074,0.073,0.073,0.073,0.074,0.072,0.072,0.073,0.076,0.077,0.077,0.074,0.073,0.072,0.076
01:42:43,0.073,0.092,0.093,0.097,0.096,0.097,0.091,0.090,0.088,0.074,0.091,0.090,0.093,0.092,0.094,0.142,0.089,0.085,0.086,0.088,0.086,0.086,0.088,0.086,0.086,0.085,0.083,0.080,0.080,0.081,0.079,0.079,0.081,0.081,0.082,0.082,0.081,0.079,0.081,0.082,0.081,0.080,0.088,0.092,0.090,0.092,0.089,0.089,0.091,0.091,0.091,0.089,0.089,0.091,0.089,0.089,0.090,0.090,0.087,0.089,0.089,0.088,0.072,0.073,0.071,0.072,0.071,0.072,0.072,0.073,0.072,0.072,0.074,0.074,0.073,0.072,0.074,0.075,0.076,0.073,0.072,0.072,0.073,0.074,0.074,0.074,0.074,0.073,0.073,0.074,0.073,0.073,0.074,0.076,0.078,0.077,0.074,0.073,0.073,0.076
01:57:42,0.073,0.094,0.095,0.097,0.098,0.098,0.095,0.091,0.089,0.075,0.093,0.090,0.095,0.092,0.094,0.147,0.089,0.085,0.087,0.089,0.088,0.088,0.088,0.087,0.086,0.085,0.083,0.080,0.080,0.081,0.079,0.079,0.082,0.081,0.082,0.082,0.081,0.079,0.081,0.082,0.081,0.080,0.090,0.093,0.091,0.094,0.090,0.090,0.092,0.093,0.093,0.091,0.092,0.093,0.091,0.091,0.090,0.090,0.090,0.090,0.090,0.089,0.072,0.073,0.071,0.072,0.070,0.072,0.072,0.073,0.073,0.072,0.075,0.074,0.073,0.073,0.073,0.074,0.076,0.074,0.072,0.072,0.072,0.074,0.074,0.074,0.074,0.073,0.074,0.074,0.072,0.073,0.074,0.076,0.077,0.078,0.074,0.073,0.073,0.076
02:12:42,0.073,0.096,0.096,0.098,0.099,0.100,0.094,0.092,0.090,0.075,0.092,0.091,0.095,0.094,0.095,0.152,0.090,0.085,0.088,0.090,0.089,0.089,0.089,0.087,0.087,0.085,0.083,0.079,0.080,0.081,0.079,0.078,0.081,0.081,0.081,0.082,0.082,0.079,0.081,0.082,0.080,0.079,0.092,0.094,0.093,0.096,0.093,0.092,0.093,0.095,0.094,0.093,0.093,0.094,0.091,0.092,0.092,0.089,0.090,0.091,0.092,0.090,0.072,0.073,0.072,0.072,0.071,0.072,0.072,0.073,0.073,0.073,0.075,0.074,0.073,0.073,0.074,0.075,0.076,0.073,0.072,0.072,0.073,0.075,0.074,0.074,0.073,0.073,0.074,0.075,0.073,0.073,0.074,0.076,0.078,0.078,0.074,0.073,0.073,0.076
02:27:40,0.073,0.097,0.098,0.099,0.101,0.101,0.095,0.093,0.091,0.075,0.092,0.092,0.097,0.094,0.095,0.156,0.091,0.086,0.088,0.090,0.089,0.090,0.089,0.087,0.087,0.086,0.084,0.079,0.080,0.081,0.079,0.079,0.081,0.081,0.081,0.082,0.081,0.079,0.081,0.082,0.081,0.079,0.094,0.096,0.096,0.097,0.095,0.093,0.095,0.096,0.095,0.093,0.095,0.096,0.093,0.092,0.093,0.089,0.091,0.094,0.092,0.091,0.073,0.074,0.072,0.072,0.071,0.072,0.073,0.074,0.073,0.073,0.075,0.074,0.073,0.073,0.073,0.074,0.076,0.073,0.072,0.072,0.073,0.075,0.074,0.074,0.074,0.073,0.074,0.075,0.073,0.073,0.074,0.076,0.078,0.078,0.074,0.074,0.073,0.076
02:42:39,0.073,0.098,0.099,0.103,0.103,0.102,0.098,0.094,0.093,0.075,0.095,0.093,0.096,0.094,0.097,0.162,0.091,0.086,0.089,0.092,0.091,0.091,0.090,0.087,0.087,0.086,0.083,0.079,0.080,0.081,0.079,0.078,0.081,0.081,0.081,0.082,0.081,0.078,0.081,0.082,0.080,0.079,0.094,0.097,0.097,0.098,0.094,0.094,0.095,0.097,0.097,0.095,0.096,0.097,0.095,0.094,0.095,0.092,0.091,0.091,0.094,0.091,0.072,0.073,0.071,0.072,0.071,0.072,0.072,0.073,0.073,0.073,0.074,0.074,0.073,0.073,0.073,0.074,0.076,0.074,0.073,0.072,0.073,0.075,0.074,0.075,0.074,0.073,0.074,0.074,0.073,0.073,0.074,0.076,0.078,0.077,0.075,0.073,0.073,0.076
02:57:39,0.074,0.100,0.101,0.105,0.104,0.104,0.099,0.096,0.094,0.075,0.097,0.095,0.099,0.097,0.099,0.168,0.093,0.089,0.090,0.092,0.092,0.092,0.090,0.089,0.089,0.087,0.084,0.080,0.081,0.082,0.080,0.079,0.082,0.081,0.081,0.082,0.082,0.079,0.081,0.082,0.081,0.079,0.096,0.099,0.098,0.099,0.096,0.096,0.098,0.099,0.099,0.096,0.098,0.099,0.097,0.096,0.096,0.092,0.092,0.094,0.095,0.094,0.073,0.073,0.072,0.072,0.071,0.072,0.072,0.074,0.073,0.073,0.075,0.074,0.073,0.073,0.073,0.075,0.076,0.074,0.073,0.072,0.073,0.075,0.074,0.074,0.073,0.073,0.074,0.075,0.073,0.073,0.074,0.076,0.078,0.078,0.074,0.073,0.073,0.076
03:12:39,0.074,0.103,0.104,0.110,0.107,0.107,0.100,0.097,0.095,0.075,0.096,0.096,0.102,0.098,0.101,0.174,0.095,0.090,0.091,0.094,0.093,0.093,0.091,0.089,0.089,0.088,0.085,0.080,0.082,0.082,0.080,0.080,0.082,0.081,0.082,0.082,0.082,0.079,0.081,0.083,0.081,0.080,0.097,0.100,0.099,0.100,0.095,0.098,0.100,0.101,0.100,0.099,0.100,0.102,0.099,0.099,0.099,0.092,0.093,0.094,0.096,0.094,0.072,0.073,0.072,0.072,0.071,0.072,0.072,0.074,0.073,0.073,0.075,0.074,0.073,0.073,0.074,0.074,0.076,0.074,0.073,0.072,0.072,0.075,0.074,0.074,0.073,0.073,0.073,0.075,0.073,0.073,0.074,0.076,0.078,0.078,0.074,0.073,0.073,0.076
03:27:39,0.073,0.105,0.106,0.108,0.110,0.110,0.103,0.099,0.097,0.075,0.100,0.098,0.103,0.100,0.101,0.181,0.096,0.091,0.092,0.096,0.095,0.095,0.092,0.091,0.091,0.089,0.086,0.081,0.082,0.083,0.081,0.080,0.082,0.082,0.083,0.083,0.083,0.079,0.081,0.083,0.081,0.080,0.097,0.102,0.100,0.103,0.098,0.099,0.102,0.103,0.102,0.100,0.103,0.105,0.101,0.101,0.100,0.093,0.095,0.097,0.097,0.096,0.073,0.074,0.072,0.072,0.071,0.073,0.073,0.074,0.073,0.073,0.075,0.074,0.073,0.073,0.074,0.075,0.077,0.074,0.073,0.073,0.073,0.075,0.074,0.075,0.074,0.074,0.074,0.075,0.073,0.073,0.075,0.076,0.077,0.078,0.075,0.074,0.073,0.076
03:42:39,0.073,0.108,0.109,0.113,0.112,0.112,0.103,0.100,0.099,0.075,0.104,0.100,0.106,0.102,0.104,0.189,0.098,0.093,0.094,0.097,0.097,0.097,0.094,0.092,0.092,0.091,0.087,0.082,0.083,0.084,0.082,0.081,0.083,0.082,0.083,0.083,0.083,0.079,0.082,0.084,0.081,0.081,0.101,0.104,0.102,0.103,0.099,0.101,0.102,0.103,0.105,0.102,0.105,0.106,0.103,0.103,0.102,0.096,0.097,0.097,0.099,0.096,0.073,0.074,0.072,0.072,0.071,0.073,0.073,0.074,0.073,0.073,0.075,0.075,0.073,0.073,0.074,0.075,0.077,0.074,0.073,0.073,0.073,0.075,0.074,0.075,0.074,0.074,0.074,0.075,0.073,0.073,0.074,0.076,0.077,0.078,0.075,0.074,0.073,0.076
03:57:39,0.073,0.111,0.111,0.114,0.115,0.114,0.104,0.103,0.101,0.075,0.107,0.104,0.107,0.104,0.105,0.196,0.099,0.093,0.095,0.099,0.100,0.100,0.095,0.093,0.093,0.092,0.089,0.082,0.083,0.084,0.082,0.082,0.083,0.082,0.083,0.084,0.083,0.080,0.082,0.084,0.082,0.080,0.101,0.105,0.104,0.105,0.101,0.103,0.105,0.105,0.106,0.104,0.105,0.108,0.103,0.104,0.104,0.098,0.095,0.097,0.100,0.098,0.072,0.073,0.072,0.072,0.071,0.072,0.073,0.074,0.073,0.073,0.075,0.074,0.073,0.073,0.074,0.075,0.076,0.074,0.073,0.072,0.073,0.075,0.074,0.075,0.074,0.074,0.074,0.075,0.073,0.073,0.074,0.076,0.078,0.078,0.075,0.073,0.073,0.076
04:12:39,0.073,0.113,0.114,0.117,0.118,0.118,0.108,0.105,0.104,0.075,0.108,0.105,0.111,0.107,0.108,0.204,0.102,0.095,0.098,0.100,0.102,0.102,0.096,0.094,0.094,0.092,0.090,0.083,0.084,0.085,0.083,0.082,0.084,0.083,0.084,0.084,0.085,0.080,0.083,0.085,0.082,0.081,0.104,0.108,0.107,0.108,0.104,0.105,0.106,0.108,0.109,0.106,0.108,0.109,0.106,0.105,0.107,0.097,0.098,0.100,0.102,0.099,0.072,0.073,0.072,0.072,0.071,0.072,0.073,0.073,0.073,0.073,0.075,0.074,0.073,0.073,0.074,0.074,0.077,0.074,0.072,0.072,0.073,0.075,0.074,0.075,0.074,0.073,0.074,0.074,0.073,0.073,0.074,0.076,0.077,0.078,0.074,0.073,0.073,0.076
04:27:39,0.073,0.116,0.117,0.121,0.121,0.121,0.109,0.108,0.106,0.075,0.109,0.108,0.116,0.111,0.112,0.212,0.105,0.098,0.099,0.103,0.103,0.105,0.098,0.096,0.096,0.094,0.092,0.085,0.085,0.087,0.085,0.084,0.085,0.084,0.085,0.085,0.086,0.081,0.084,0.086,0.083,0.082,0.108,0.110,0.109,0.112,0.107,0.108,0.111,0.111,0.113,0.111,0.110,0.113,0.110,0.109,0.109,0.097,0.098,0.099,0.103,0.100,0.073,0.074,0.072,0.072,0.071,0.073,0.073,0.073,0.073,0.073,0.075,0.074,0.073,0.073,0.074,0.075,0.076,0.074,0.073,0.072,0.073,0.074,0.074,0.075,0.073,0.073,0.074,0.074,0.073,0.073,0.075,0.076,0.078,0.078,0.074,0.073,0.073,0.076
04:42:39,0.074,0.120,0.120,0.126,0.125,0.125,0.111,0.111,0.109,0.075,0.114,0.111,0.119,0.114,0.116,0.222,0.108,0.101,0.101,0.104,0.106,0.107,0.099,0.098,0.098,0.096,0.093,0.085,0.086,0.087,0.086,0.085,0.086,0.086,0.086,0.086,0.086,0.082,0.084,0.086,0.085,0.083,0.111,0.114,0.112,0.114,0.109,0.111,0.112,0.113,0.114,0.112,0.114,0.116,0.113,0.112,0.111,0.100,0.101,0.103,0.106,0.103,0.073,0.073,0.072,0.072,0.071,0.072,0.072,0.074,0.073,0.073,0.075,0.075,0.073,0.073,0.074,0.075,0.077,0.074,0.072,0.072,0.073,0.075,0.074,0.075,0.074,0.074,0.074,0.075,0.073,0.073,0.074,0.076,0.077,0.078,0.075,0.074,0.073,0.076
04:57:39,0.073,0.124,0.125,0.130,0.129,0.130,0.116,0.114,0.113,0.075,0.117,0.115,0.123,0.119,0.120,0.232,0.113,0.103,0.105,0.107,0.110,0.110,0.102,0.100,0.101,0.098,0.094,0.086,0.088,0.088,0.088,0.087,0.087,0.086,0.087,0.088,0.088,0.083,0.086,0.087,0.087,0.084,0.114,0.117,0.115,0.116,0.110,0.113,0.113,0.113,0.119,0.116,0.117,0.119,0.117,0.115,0.113,0.103,0.103,0.103,0.110,0.105,0.073,0.074,0.072,0.073,0.071,0.073,0.073,0.074,0.073,0.073,0.075,0.074,0.074,0.073,0.074,0.075,0.077,0.074,0.073,0.072,0.073,0.075,0.074,0.075,0.074,0.074,0.074,0.075,0.073,0.073,0.075,0.076,0.078,0.078,0.075,0.074,0.074,0.076
05:12:40,0.074,0.127,0.129,0.137,0.133,0.134,0.118,0.118,0.116,0.075,0.119,0.118,0.129,0.124,0.125,0.244,0.117,0.105,0.107,0.110,0.112,0.112,0.104,0.103,0.103,0.101,0.097,0.087,0.089,0.089,0.089,0.087,0.088,0.088,0.089,0.089,0.088,0.084,0.087,0.089,0.088,0.086,0.117,0.121,0.121,0.120,0.113,0.118,0.117,0.116,0.122,0.119,0.120,0.124,0.120,0.119,0.117,0.104,0.103,0.105,0.111,0.107,0.073,0.074,0.072,0.072,0.071,0.072,0.073,0.074,0.074,0.073,0.075,0.074,0.074,0.073,0.074,0.075,0.077,0.074,0.073,0.072,0.073,0.075,0.074,0.075,0.074,0.074,0.074,0.075,0.073,0.074,0.074,0.076,0.078,0.078,0.075,0.074,0.073,0.076
05:27:39,0.074,0.133,0.134,0.142,0.138,0.139,0.122,0.121,0.121,0.075,0.126,0.122,0.135,0.130,0.131,0.254,0.121,0.109,0.110,0.112,0.116,0.117,0.107,0.106,0.106,0.104,0.099,0.088,0.090,0.090,0.090,0.089,0.090,0.089,0.090,0.090,0.089,0.086,0.089,0.090,0.090,0.088,0.121,0.127,0.124,0.125,0.120,0.122,0.122,0.120,0.125,0.124,0.123,0.127,0.123,0.122,0.121,0.105,0.105,0.107,0.113,0.108,0.073,0.074,0.072,0.072,0.071,0.073,0.073,0.074,0.073,0.073,0.075,0.075,0.074,0.073,0.074,0.075,0.076,0.074,0.073,0.072,0.073,0.075,0.074,0.075,0.074,0.073,0.074,0.075,0.073,0.073,0.074,0.076,0.077,0.078,0.075,0.074,0.073,0.076
05:42:39,0.073,0.139,0.139,0.150,0.144,0.143,0.126,0.126,0.125,0.075,0.128,0.126,0.140,0.137,0.138,0.266,0.126,0.112,0.114,0.117,0.119,0.119,0.109,0.108,0.109,0.107,0.102,0.089,0.090,0.091,0.093,0.091,0.092,0.091,0.091,0.093,0.090,0.087,0.089,0.092,0.092,0.089,0.124,0.130,0.127,0.129,0.123,0.123,0.125,0.125,0.130,0.128,0.128,0.132,0.127,0.125,0.124,0.113,0.107,0.108,0.115,0.109,0.073,0.074,0.072,0.073,0.071,0.072,0.073,0.074,0.074,0.073,0.075,0.075,0.073,0.073,0.074,0.075,0.077,0.074,0.073,0.072,0.073,0.075,0.074,0.075,0.074,0.074,0.074,0.075,0.073,0.073,0.074,0.076,0.077,0.078,0.075,0.074,0.074,0.076
05:57:39,0.073,0.144,0.144,0.153,0.150,0.150,0.130,0.131,0.130,0.075,0.135,0.130,0.143,0.143,0.145,0.278,0.132,0.116,0.117,0.120,0.124,0.124,0.113,0.113,0.112,0.109,0.106,0.090,0.092,0.092,0.094,0.092,0.094,0.093,0.093,0.094,0.093,0.089,0.092,0.094,0.095,0.091,0.131,0.135,0.132,0.133,0.129,0.129,0.129,0.129,0.137,0.136,0.133,0.137,0.132,0.131,0.129,0.108,0.110,0.112,0.121,0.114,0.072,0.074,0.072,0.072,0.071,0.072,0.072,0.073,0.073,0.073,0.075,0.075,0.073,0.073,0.073,0.074,0.076,0.074,0.073,0.072,0.073,0.075,0.074,0.075,0.074,0.074,0.074,0.074,0.073,0.073,0.074,0.076,0.077,0.078,0.075,0.073,0.073,0.076
06:12:39,0.073,0.151,0.152,0.158,0.156,0.157,0.135,0.136,0.135,0.075,0.139,0.136,0.155,0.152,0.154,0.290,0.141,0.121,0.123,0.125,0.129,0.128,0.115,0.117,0.117,0.114,0.109,0.092,0.093,0.094,0.096,0.094,0.096,0.096,0.096,0.096,0.094,0.090,0.094,0.096,0.097,0.094,0.135,0.141,0.138,0.140,0.136,0.134,0.133,0.136,0.143,0.140,0.139,0.143,0.138,0.137,0.134,0.111,0.113,0.116,0.124,0.116,0.073,0.074,0.072,0.072,0.071,0.072,0.073,0.074,0.074,0.073,0.075,0.075,0.073,0.073,0.074,0.075,0.077,0.074,0.073,0.072,0.073,0.074,0.074,0.075,0.074,0.074,0.074,0.075,0.073,0.073,0.074,0.076,0.077,0.078,0.074,0.074,0.073,0.076
06:27:40,0.073,0.159,0.160,0.169,0.165,0.166,0.142,0.143,0.141,0.075,0.145,0.142,0.163,0.162,0.164,0.307,0.150,0.126,0.127,0.130,0.136,0.135,0.122,0.122,0.123,0.119,0.114,0.094,0.094,0.096,0.099,0.096,0.098,0.098,0.098,0.100,0.098,0.093,0.095,0.098,0.099,0.097,0.141,0.148,0.142,0.146,0.140,0.140,0.139,0.141,0.149,0.145,0.144,0.148,0.144,0.140,0.139,0.115,0.115,0.118,0.126,0.118,0.073,0.074,0.072,0.072,0.071,0.072,0.072,0.073,0.074,0.073,0.075,0.075,0.073,0.073,0.074,0.075,0.077,0.073,0.073,0.072,0.073,0.075,0.074,0.075,0.074,0.074,0.073,0.075,0.072,0.073,0.074,0.076,0.077,0.078,0.075,0.073,0.073,0.075
06:42:41,0.073,0.168,0.167,0.176,0.173,0.175,0.147,0.150,0.147,0.075,0.156,0.150,0.171,0.173,0.175,0.318,0.161,0.132,0.133,0.136,0.142,0.140,0.126,0.126,0.127,0.124,0.118,0.095,0.096,0.098,0.101,0.098,0.102,0.101,0.102,0.102,0.099,0.095,0.098,0.100,0.103,0.100,0.150,0.160,0.156,0.155,0.150,0.145,0.147,0.149,0.159,0.154,0.153,0.156,0.151,0.148,0.147,0.120,0.117,0.120,0.131,0.122,0.073,0.074,0.072,0.073,0.071,0.072,0.073,0.074,0.074,0.073,0.075,0.075,0.074,0.073,0.074,0.075,0.077,0.074,0.073,0.072,0.073,0.075,0.074,0.075,0.074,0.074,0.074,0.075,0.073,0.073,0.074,0.076,0.077,0.078,0.075,0.074,0.073,0.076
06:57:39,0.074,0.177,0.176,0.188,0.181,0.182,0.156,0.157,0.154,0.076,0.164,0.157,0.183,0.183,0.186,0.331,0.170,0.138,0.141,0.144,0.148,0.147,0.132,0.132,0.133,0.130,0.124,0.098,0.099,0.100,0.103,0.100,0.105,0.105,0.106,0.105,0.103,0.098,0.101,0.103,0.106,0.103,0.162,0.171,0.161,0.166,0.155,0.162,0.160,0.164,0.167,0.164,0.158,0.165,0.158,0.156,0.152,0.122,0.119,0.122,0.136,0.126,0.073,0.074,0.072,0.073,0.071,0.073,0.073,0.074,0.074,0.074,0.076,0.075,0.074,0.074,0.074,0.075,0.077,0.074,0.073,0.072,0.073,0.075,0.075,0.075,0.074,0.074,0.074,0.075,0.073,0.073,0.074,0.076,0.078,0.078,0.075,0.074,0.074,0.076
07:12:38,0.074,0.185,0.186,0.196,0.192,0.192,0.165,0.165,0.163,0.076,0.168,0.166,0.191,0.196,0.198,0.342,0.182,0.146,0.147,0.150,0.157,0.155,0.138,0.140,0.138,0.136,0.128,0.100,0.101,0.101,0.106,0.103,0.109,0.109,0.109,0.108,0.106,0.101,0.104,0.105,0.109,0.106,0.169,0.182,0.182,0.178,0.170,0.169,0.170,0.175,0.180,0.172,0.165,0.173,0.166,0.164,0.159,0.126,0.124,0.129,0.141,0.131,0.073,0.074,0.072,0.072,0.071,0.072,0.073,0.074,0.074,0.074,0.075,0.075,0.073,0.073,0.074,0.075,0.076,0.074,0.073,0.072,0.073,0.075,0.074,0.075,0.074,0.073,0.073,0.075,0.073,0.073,0.074,0.076,0.077,0.078,0.075,0.073,0.073,0.076
07:27:39,0.073,0.199,0.199,0.211,0.205,0.204,0.172,0.176,0.173,0.076,0.182,0.178,0.210,0.213,0.213,0.358,0.195,0.154,0.157,0.158,0.165,0.165,0.145,0.147,0.147,0.144,0.137,0.104,0.106,0.105,0.109,0.107,0.114,0.113,0.114,0.113,0.111,0.104,0.107,0.109,0.113,0.111,0.175,0.191,0.191,0.192,0.180,0.190,0.188,0.187,0.187,0.180,0.171,0.180,0.173,0.170,0.167,0.129,0.127,0.129,0.146,0.135,0.073,0.074,0.072,0.073,0.072,0.073,0.073,0.074,0.074,0.073,0.076,0.075,0.074,0.074,0.074,0.075,0.077,0.074,0.073,0.072,0.073,0.075,0.074,0.075,0.074,0.074,0.074,0.075,0.073,0.073,0.075,0.076,0.078,0.078,0.075,0.074,0.074,0.076
07:42:39,0.074,0.209,0.210,0.223,0.216,0.217,0.184,0.187,0.184,0.076,0.195,0.188,0.225,0.225,0.226,0.367,0.206,0.161,0.166,0.165,0.177,0.175,0.158,0.159,0.159,0.152,0.141,0.106,0.108,0.110,0.114,0.112,0.119,0.120,0.120,0.119,0.116,0.109,0.112,0.114,0.118,0.115,0.186,0.197,0.190,0.193,0.183,0.194,0.200,0.196,0.196,0.190,0.181,0.188,0.180,0.180,0.177,0.135,0.132,0.133,0.149,0.139,0.073,0.074,0.073,0.073,0.071,0.073,0.073,0.074,0.074,0.074,0.076,0.075,0.074,0.074,0.074,0.075,0.077,0.074,0.073,0.073,0.074,0.075,0.075,0.075,0.074,0.074,0.074,0.076,0.073,0.074,0.075,0.077,0.077,0.078,0.075,0.074,0.074,0.076
07:57:39,0.074,0.224,0.226,0.241,0.236,0.235,0.197,0.202,0.199,0.076,0.205,0.201,0.236,0.250,0.251,0.373,0.229,0.174,0.177,0.178,0.186,0.185,0.162,0.164,0.163,0.160,0.152,0.111,0.111,0.112,0.117,0.114,0.124,0.123,0.125,0.123,0.121,0.111,0.114,0.117,0.122,0.119,0.195,0.202,0.200,0.204,0.209,0.211,0.210,0.207,0.212,0.206,0.193,0.202,0.192,0.193,0.190,0.143,0.138,0.144,0.161,0.147,0.073,0.074,0.072,0.072,0.072,0.072,0.073,0.074,0.074,0.074,0.076,0.075,0.074,0.074,0.074,0.075,0.077,0.074,0.073,0.072,0.073,0.075,0.075,0.075,0.074,0.074,0.074,0.075,0.073,0.074,0.075,0.077,0.078,0.078,0.075,0.074,0.074,0.076
08:12:39,0.074,0.237,0.241,0.255,0.249,0.249,0.209,0.214,0.212,0.076,0.219,0.214,0.250,0.262,0.267,0.375,0.243,0.186,0.189,0.188,0.198,0.197,0.174,0.175,0.175,0.170,0.163,0.115,0.115,0.117,0.123,0.120,0.130,0.130,0.131,0.130,0.128,0.116,0.120,0.121,0.127,0.124,0.208,0.220,0.213,0.215,0.219,0.223,0.222,0.216,0.216,0.212,0.202,0.214,0.204,0.202,0.200,0.147,0.145,0.147,0.163,0.152,0.073,0.074,0.073,0.072,0.072,0.073,0.073,0.074,0.074,0.074,0.076,0.075,0.074,0.073,0.074,0.075,0.077,0.074,0.073,0.073,0.074,0.075,0.075,0.075,0.075,0.074,0.074,0.075,0.073,0.073,0.075,0.076,0.078,0.078,0.075,0.074,0.073,0.076
08:27:40,0.074,0.255,0.259,0.270,0.267,0.266,0.233,0.234,0.229,0.076,0.237,0.231,0.274,0.287,0.291,0.380,0.265,0.200,0.204,0.203,0.211,0.210,0.180,0.187,0.183,0.179,0.170,0.121,0.122,0.123,0.129,0.125,0.138,0.138,0.138,0.136,0.135,0.122,0.125,0.126,0.133,0.129,0.220,0.231,0.225,0.226,0.235,0.239,0.237,0.233,0.231,0.226,0.216,0.229,0.219,0.218,0.209,0.153,0.155,0.158,0.168,0.160,0.074,0.075,0.073,0.073,0.072,0.073,0.073,0.074,0.074,0.074,0.076,0.075,0.074,0.074,0.074,0.075,0.077,0.074,0.073,0.073,0.074,0.075,0.075,0.075,0.074,0.074,0.074,0.075,0.074,0.074,0.075,0.077,0.078,0.078,0.075,0.074,0.074,0.076
08:42:39,0.074,0.271,0.276,0.291,0.286,0.286,0.245,0.252,0.245,0.076,0.253,0.247,0.294,0.304,0.308,0.385,0.284,0.212,0.217,0.215,0.229,0.230,0.198,0.202,0.198,0.189,0.179,0.126,0.126,0.127,0.135,0.132,0.145,0.145,0.146,0.145,0.141,0.127,0.131,0.132,0.139,0.136,0.233,0.247,0.243,0.246,0.252,0.251,0.247,0.243,0.245,0.240,0.230,0.243,0.230,0.227,0.223,0.163,0.162,0.165,0.172,0.168,0.074,0.074,0.073,0.073,0.071,0.073,0.073,0.074,0.074,0.074,0.076,0.075,0.074,0.073,0.074,0.075,0.077,0.074,0.073,0.073,0.074,0.075,0.075,0.075,0.074,0.074,0.074,0.075,0.073,0.073,0.075,0.076,0.078,0.078,0.075,0.074,0.074,0.076
08:57:39,0.074,0.290,0.295,0.310,0.309,0.309,0.264,0.267,0.261,0.076,0.279,0.277,0.321,0.333,0.338,0.387,0.303,0.232,0.236,0.232,0.243,0.247,0.207,0.211,0.210,0.208,0.196,0.134,0.135,0.136,0.142,0.138,0.154,0.155,0.154,0.152,0.150,0.135,0.139,0.141,0.146,0.142,0.248,0.263,0.258,0.265,0.263,0.257,0.261,0.258,0.262,0.255,0.245,0.261,0.252,0.255,0.247,0.172,0.176,0.170,0.184,0.179,0.073,0.074,0.072,0.073,0.072,0.073,0.073,0.074,0.074,0.074,0.076,0.075,0.074,0.074,0.074,0.075,0.077,0.074,0.073,0.073,0.074,0.075,0.075,0.075,0.074,0.074,0.074,0.075,0.073,0.074,0.075,0.077,0.078,0.078,0.075,0.074,0.073,0.076
09:12:39,0.073,0.309,0.315,0.329,0.327,0.328,0.282,0.289,0.281,0.075,0.300,0.296,0.346,0.358,0.362,0.391,0.327,0.248,0.250,0.248,0.263,0.266,0.225,0.224,0.230,0.229,0.213,0.140,0.142,0.142,0.147,0.144,0.162,0.163,0.164,0.161,0.160,0.141,0.146,0.147,0.154,0.150,0.262,0.278,0.272,0.281,0.283,0.279,0.274,0.275,0.276,0.273,0.261,0.274,0.266,0.277,0.259,0.184,0.185,0.183,0.190,0.186,0.073,0.074,0.072,0.072,0.071,0.072,0.072,0.074,0.074,0.073,0.076,0.075,0.074,0.073,0.074,0.075,0.076,0.074,0.073,0.072,0.073,0.075,0.074,0.075,0.074,0.074,0.074,0.075,0.072,0.073,0.074,0.076,0.078,0.078,0.075,0.073,0.073,0.076
09:27:39,0.073,0.329,0.334,0.350,0.349,0.351,0.300,0.308,0.301,0.076,0.320,0.317,0.368,0.379,0.383,0.394,0.345,0.266,0.268,0.266,0.280,0.284,0.239,0.274,0.241,0.241,0.226,0.147,0.150,0.149,0.156,0.154,0.172,0.172,0.173,0.170,0.167,0.150,0.154,0.154,0.163,0.158,0.277,0.294,0.287,0.295,0.300,0.300,0.294,0.287,0.298,0.299,0.275,0.291,0.280,0.281,0.274,0.209,0.197,0.197,0.201,0.199,0.074,0.074,0.073,0.073,0.071,0.073,0.073,0.074,0.074,0.074,0.076,0.075,0.074,0.074,0.074,0.075,0.077,0.074,0.074,0.073,0.074,0.075,0.075,0.076,0.074,0.074,0.074,0.075,0.073,0.073,0.075,0.076,0.078,0.078,0.075,0.073,0.073,0.076
09:42:39,0.074,0.349,0.357,0.372,0.369,0.374,0.324,0.332,0.325,0.075,0.343,0.339,0.391,0.402,0.407,0.393,0.369,0.286,0.289,0.286,0.299,0.303,0.267,0.273,0.260,0.264,0.246,0.155,0.156,0.157,0.166,0.164,0.182,0.184,0.184,0.181,0.180,0.159,0.162,0.164,0.172,0.168,0.298,0.313,0.304,0.311,0.315,0.315,0.315,0.308,0.314,0.310,0.286,0.311,0.289,0.289,0.298,0.226,0.215,0.205,0.207,0.208,0.074,0.074,0.073,0.073,0.072,0.073,0.073,0.074,0.074,0.074,0.076,0.075,0.074,0.074,0.074,0.075,0.077,0.075,0.074,0.073,0.074,0.076,0.075,0.076,0.074,0.074,0.074,0.075,0.073,0.074,0.075,0.077,0.078,0.078,0.075,0.074,0.074,0.076
09:57:39,0.073,0.375,0.382,0.399,0.396,0.400,0.340,0.357,0.348,0.075,0.366,0.366,0.416,0.430,0.434,0.395,0.393,0.302,0.308,0.302,0.317,0.322,0.276,0.286,0.299,0.285,0.258,0.163,0.166,0.166,0.174,0.172,0.193,0.193,0.195,0.191,0.189,0.168,0.172,0.173,0.182,0.177,0.311,0.329,0.320,0.329,0.335,0.328,0.338,0.335,0.331,0.329,0.312,0.317,0.319,0.320,0.319,0.233,0.231,0.215,0.220,0.219,0.073,0.074,0.073,0.073,0.071,0.072,0.073,0.074,0.074,0.074,0.076,0.075,0.074,0.073,0.074,0.075,0.077,0.075,0.074,0.073,0.074,0.075,0.075,0.075,0.074,0.074,0.074,0.075,0.073,0.073,0.075,0.077,0.078,0.078,0.075,0.074,0.073,0.076
10:12:40,0.074,0.401,0.407,0.423,0.423,0.425,0.361,0.376,0.368,0.076,0.390,0.388,0.439,0.453,0.464,0.394,0.420,0.318,0.330,0.320,0.340,0.349,0.309,0.303,0.308,0.300,0.275,0.176,0.178,0.177,0.186,0.183,0.206,0.208,0.208,0.206,0.201,0.180,0.183,0.185,0.195,0.191,0.334,0.351,0.343,0.344,0.348,0.349,0.360,0.356,0.348,0.344,0.325,0.337,0.335,0.331,0.340,0.237,0.233,0.216,0.233,0.236,0.074,0.074,0.073,0.073,0.071,0.072,0.073,0.074,0.074,0.074,0.076,0.075,0.074,0.073,0.074,0.075,0.077,0.075,0.074,0.073,0.074,0.075,0.075,0.075,0.074,0.074,0.074,0.075,0.073,0.073,0.075,0.077,0.078,0.078,0.075,0.074,0.074,0.076
10:27:40,0.073,0.437,0.439,0.456,0.452,0.458,0.382,0.405,0.397,0.076,0.424,0.415,0.470,0.487,0.493,0.401,0.453,0.349,0.355,0.346,0.369,0.372,0.334,0.339,0.334,0.330,0.299,0.185,0.185,0.184,0.198,0.195,0.220,0.222,0.221,0.216,0.213,0.190,0.194,0.192,0.205,0.200,0.357,0.377,0.372,0.371,0.360,0.361,0.369,0.367,0.369,0.365,0.342,0.357,0.348,0.347,0.345,0.249,0.260,0.240,0.244,0.243,0.073,0.074,0.073,0.072,0.071,0.072,0.073,0.074,0.074,0.074,0.076,0.075,0.074,0.073,0.074,0.075,0.077,0.074,0.074,0.073,0.073,0.075,0.075,0.075,0.074,0.074,0.074,0.075,0.073,0.073,0.075,0.077,0.078,0.078,0.075,0.074,0.073,0.076
10:42:41,0.074,0.469,0.478,0.496,0.487,0.491,0.417,0.433,0.425,0.075,0.454,0.448,0.500,0.522,0.524,0.409,0.480,0.367,0.373,0.366,0.395,0.399,0.356,0.370,0.352,0.337,0.335,0.195,0.196,0.197,0.212,0.208,0.237,0.238,0.237,0.230,0.228,0.202,0.206,0.207,0.218,0.215,0.378,0.401,0.390,0.392,0.387,0.384,0.389,0.388,0.391,0.386,0.364,0.384,0.368,0.364,0.362,0.257,0.274,0.251,0.257,0.259,0.073,0.074,0.073,0.073,0.071,0.072,0.073,0.074,0.074,0.074,0.076,0.075,0.074,0.073,0.074,0.075,0.077,0.074,0.073,0.073,0.074,0.075,0.075,0.075,0.074,0.074,0.074,0.075,0.073,0.073,0.075,0.076,0.078,0.078,0.075,0.074,0.073,0.076
10:57:41,0.074,0.495,0.505,0.526,0.521,0.525,0.446,0.466,0.457,0.076,0.480,0.478,0.531,0.556,0.561,0.429,0.514,0.390,0.400,0.392,0.407,0.433,0.379,0.397,0.384,0.369,0.340,0.212,0.215,0.210,0.221,0.218,0.250,0.253,0.251,0.248,0.246,0.219,0.225,0.223,0.235,0.231,0.400,0.425,0.415,0.417,0.412,0.407,0.416,0.416,0.417,0.415,0.389,0.409,0.395,0.391,0.387,0.274,0.279,0.262,0.273,0.278,0.074,0.075,0.073,0.073,0.072,0.073,0.073,0.074,0.075,0.074,0.076,0.076,0.075,0.074,0.074,0.076,0.077,0.075,0.074,0.074,0.074,0.076,0.075,0.076,0.075,0.075,0.075,0.076,0.073,0.074,0.075,0.077,0.078,0.079,0.075,0.074,0.074,0.076
11:12:41,0.074,0.526,0.536,0.562,0.553,0.553,0.479,0.494,0.486,0.076,0.509,0.506,0.554,0.583,0.589,0.450,0.540,0.415,0.429,0.419,0.429,0.448,0.387,0.390,0.406,0.397,0.353,0.223,0.224,0.225,0.242,0.236,0.266,0.270,0.268,0.259,0.258,0.230,0.234,0.234,0.247,0.245,0.426,0.450,0.440,0.444,0.439,0.432,0.438,0.437,0.443,0.439,0.411,0.434,0.421,0.416,0.410,0.284,0.294,0.276,0.288,0.291,0.073,0.074,0.073,0.073,0.071,0.072,0.073,0.074,0.074,0.074,0.076,0.075,0.074,0.073,0.074,0.075,0.077,0.074,0.073,0.073,0.073,0.075,0.075,0.075,0.074,0.074,0.074,0.075,0.073,0.073,0.075,0.077,0.078,0.078,0.075,0.073,0.073,0.075
11:27:41,0.074,0.554,0.564,0.588,0.584,0.586,0.504,0.523,0.514,0.075,0.544,0.541,0.586,0.616,0.625,0.475,0.574,0.442,0.458,0.444,0.458,0.478,0.417,0.439,0.439,0.431,0.373,0.240,0.245,0.243,0.257,0.251,0.285,0.289,0.292,0.283,0.279,0.249,0.256,0.253,0.266,0.261,0.447,0.476,0.463,0.466,0.465,0.456,0.467,0.463,0.469,0.465,0.437,0.460,0.446,0.441,0.437,0.300,0.309,0.289,0.308,0.312,0.073,0.074,0.073,0.073,0.071,0.072,0.073,0.074,0.074,0.074,0.076,0.075,0.074,0.073,0.074,0.075,0.076,0.075,0.073,0.073,0.073,0.075,0.075,0.075,0.074,0.074,0.074,0.075,0.073,0.074,0.075,0.077,0.078,0.078,0.075,0.073,0.073,0.076
11:42:41,0.074,0.588,0.594,0.622,0.616,0.620,0.531,0.553,0.543,0.076,0.578,0.574,0.620,0.651,0.661,0.499,0.603,0.477,0.486,0.478,0.484,0.505,0.456,0.473,0.447,0.414,0.386,0.256,0.262,0.266,0.270,0.268,0.299,0.303,0.308,0.301,0.298,0.266,0.276,0.276,0.286,0.281,0.468,0.500,0.487,0.488,0.486,0.480,0.495,0.493,0.490,0.489,0.459,0.482,0.468,0.464,0.461,0.320,0.316,0.301,0.321,0.332,0.074,0.074,0.073,0.073,0.072,0.073,0.073,0.074,0.074,0.074,0.076,0.075,0.074,0.074,0.074,0.075,0.077,0.075,0.073,0.073,0.074,0.075,0.075,0.076,0.074,0.074,0.074,0.075,0.073,0.074,0.075,0.077,0.078,0.078,0.075,0.074,0.073,0.076
11:57:41,0.074,0.622,0.631,0.658,0.648,0.657,0.569,0.588,0.574,0.076,0.604,0.600,0.653,0.682,0.691,0.533,0.636,0.499,0.521,0.499,0.509,0.531,0.446,0.465,0.456,0.460,0.431,0.272,0.279,0.282,0.296,0.288,0.326,0.329,0.325,0.320,0.316,0.278,0.289,0.290,0.299,0.299,0.497,0.525,0.512,0.517,0.512,0.503,0.521,0.517,0.516,0.512,0.482,0.507,0.494,0.489,0.488,0.333,0.338,0.319,0.336,0.350,0.073,0.074,0.073,0.073,0.072,0.072,0.073,0.074,0.074,0.074,0.076,0.075,0.074,0.073,0.074,0.075,0.076,0.074,0.073,0.073,0.073,0.075,0.075,0.075,0.074,0.074,0.074,0.075,0.073,0.074,0.075,0.077,0.078,0.078,0.075,0.073,0.073,0.076
12:12:41,0.073,0.652,0.665,0.687,0.684,0.688,0.602,0.625,0.614,0.076,0.642,0.640,0.690,0.714,0.728,0.561,0.669,0.533,0.550,0.532,0.540,0.564,0.491,0.502,0.515,0.494,0.438,0.303,0.303,0.299,0.320,0.316,0.351,0.352,0.350,0.347,0.344,0.306,0.323,0.317,0.316,0.317,0.521,0.551,0.535,0.542,0.540,0.530,0.546,0.539,0.543,0.537,0.504,0.532,0.516,0.509,0.510,0.358,0.360,0.340,0.356,0.370,0.074,0.074,0.073,0.073,0.072,0.073,0.073,0.074,0.074,0.074,0.076,0.075,0.074,0.073,0.075,0.075,0.077,0.075,0.073,0.073,0.074,0.075,0.075,0.076,0.074,0.074,0.074,0.075,0.073,0.074,0.075,0.077,0.078,0.078,0.075,0.074,0.074,0.076
12:27:42,0.074,0.684,0.698,0.717,0.715,0.723,0.640,0.665,0.653,0.076,0.671,0.673,0.716,0.745,0.755,0.590,0.699,0.559,0.578,0.562,0.564,0.589,0.473,0.474,0.500,0.507,0.512,0.323,0.315,0.329,0.345,0.341,0.365,0.375,0.375,0.362,0.365,0.327,0.334,0.333,0.336,0.338,0.548,0.583,0.568,0.573,0.568,0.555,0.571,0.565,0.571,0.567,0.531,0.559,0.540,0.538,0.534,0.376,0.380,0.357,0.377,0.391,0.074,0.074,0.073,0.073,0.071,0.073,0.073,0.074,0.074,0.074,0.076,0.075,0.074,0.073,0.074,0.075,0.077,0.075,0.073,0.073,0.074,0.075,0.075,0.075,0.074,0.074,0.074,0.075,0.073,0.074,0.075,0.077,0.078,0.078,0.075,0.074,0.073,0.076
12:42:40,0.074,0.709,0.728,0.751,0.745,0.753,0.670,0.697,0.686,0.076,0.706,0.706,0.746,0.774,0.786,0.658,0.731,0.591,0.607,0.587,0.598,0.627,0.548,0.568,0.598,0.550,0.489,0.338,0.338,0.335,0.360,0.359,0.377,0.383,0.394,0.386,0.374,0.335,0.351,0.345,0.350,0.363,0.581,0.612,0.596,0.601,0.600,0.589,0.602,0.598,0.604,0.595,0.557,0.588,0.567,0.561,0.561,0.403,0.407,0.383,0.395,0.416,0.073,0.074,0.073,0.073,0.072,0.073,0.073,0.074,0.074,0.074,0.076,0.075,0.074,0.073,0.074,0.075,0.077,0.075,0.073,0.073,0.073,0.075,0.075,0.075,0.074,0.074,0.074,0.075,0.073,0.074,0.075,0.077,0.078,0.079,0.075,0.074,0.074,0.076
12:57:40,0.074,0.741,0.755,0.780,0.775,0.785,0.705,0.730,0.720,0.076,0.737,0.738,0.774,0.803,0.815,0.753,0.756,0.623,0.638,0.622,0.628,0.662,0.583,0.582,0.595,0.580,0.530,0.357,0.361,0.360,0.375,0.372,0.402,0.409,0.415,0.410,0.400,0.354,0.372,0.366,0.369,0.379,0.608,0.643,0.629,0.631,0.634,0.618,0.630,0.626,0.634,0.630,0.590,0.621,0.599,0.595,0.592,0.424,0.431,0.405,0.422,0.438,0.074,0.074,0.073,0.073,0.072,0.073,0.073,0.074,0.075,0.074,0.076,0.075,0.074,0.073,0.074,0.075,0.077,0.075,0.073,0.073,0.074,0.075,0.075,0.076,0.074,0.074,0.075,0.075,0.073,0.074,0.076,0.077,0.078,0.079,0.075,0.074,0.073,0.076
13:12:39,0.074,0.769,0.782,0.811,0.803,0.813,0.735,0.760,0.749,0.076,0.770,0.772,0.800,0.830,0.844,0.831,0.783,0.653,0.672,0.653,0.657,0.695,0.600,0.638,0.627,0.599,0.555,0.381,0.386,0.375,0.401,0.405,0.428,0.434,0.439,0.435,0.422,0.375,0.393,0.383,0.389,0.396,0.642,0.674,0.659,0.663,0.664,0.649,0.664,0.658,0.666,0.659,0.620,0.649,0.630,0.622,0.621,0.445,0.452,0.426,0.444,0.464,0.074,0.074,0.073,0.073,0.072,0.073,0.073,0.074,0.075,0.074,0.076,0.075,0.074,0.074,0.074,0.075,0.077,0.075,0.073,0.073,0.074,0.075,0.075,0.076,0.074,0.075,0.074,0.076,0.073,0.074,0.075,0.077,0.078,0.079,0.075,0.073,0.073,0.076
13:27:39,0.074,0.800,0.811,0.844,0.834,0.842,0.765,0.789,0.780,0.076,0.807,0.807,0.827,0.859,0.874,0.935,0.812,0.683,0.703,0.678,0.685,0.726,0.611,0.637,0.650,0.627,0.559,0.406,0.410,0.407,0.419,0.415,0.446,0.455,0.454,0.449,0.447,0.396,0.417,0.405,0.411,0.416,0.672,0.705,0.692,0.700,0.697,0.678,0.693,0.689,0.697,0.688,0.651,0.680,0.663,0.656,0.651,0.471,0.481,0.451,0.473,0.490,0.074,0.074,0.074,0.073,0.072,0.073,0.073,0.075,0.075,0.074,0.076,0.076,0.075,0.074,0.074,0.075,0.077,0.075,0.074,0.074,0.074,0.076,0.075,0.076,0.075,0.075,0.075,0.076,0.074,0.074,0.075,0.077,0.078,0.079,0.075,0.074,0.074,0.076
13:42:39,0.073,0.824,0.836,0.869,0.860,0.870,0.790,0.817,0.809,0.076,0.838,0.834,0.849,0.881,0.894,0.982,0.838,0.715,0.734,0.707,0.714,0.752,0.623,0.672,0.673,0.655,0.591,0.435,0.446,0.442,0.451,0.450,0.472,0.490,0.488,0.475,0.462,0.420,0.445,0.431,0.432,0.439,0.700,0.734,0.719,0.729,0.725,0.710,0.724,0.721,0.729,0.719,0.680,0.712,0.692,0.691,0.685,0.497,0.505,0.473,0.497,0.512,0.074,0.074,0.073,0.073,0.072,0.072,0.073,0.074,0.074,0.074,0.076,0.075,0.074,0.073,0.074,0.075,0.077,0.075,0.074,0.073,0.074,0.075,0.075,0.075,0.074,0.074,0.074,0.075,0.073,0.073,0.075,0.077,0.078,0.078,0.075,0.074,0.073,0.076
13:57:40,0.074,0.857,0.868,0.902,0.896,0.903,0.821,0.851,0.843,0.076,0.868,0.865,0.879,0.908,0.922,1.183,0.865,0.746,0.765,0.739,0.748,0.783,0.656,0.701,0.712,0.679,0.629,0.463,0.471,0.467,0.476,0.477,0.489,0.502,0.513,0.509,0.492,0.441,0.461,0.444,0.456,0.462,0.730,0.765,0.751,0.758,0.758,0.738,0.752,0.749,0.757,0.748,0.710,0.742,0.725,0.719,0.713,0.519,0.529,0.493,0.524,0.539,0.074,0.074,0.073,0.073,0.071,0.073,0.074,0.075,0.075,0.074,0.076,0.075,0.074,0.074,0.074,0.075,0.077,0.075,0.073,0.074,0.074,0.076,0.075,0.076,0.074,0.075,0.075,0.075,0.073,0.074,0.076,0.077,0.078,0.078,0.075,0.074,0.074,0.076
14:12:41,0.074,0.887,0.899,0.936,0.927,0.932,0.851,0.883,0.873,0.076,0.900,0.893,0.904,0.935,0.948,1.417,0.891,0.772,0.791,0.766,0.773,0.809,0.674,0.728,0.726,0.704,0.655,0.462,0.472,0.481,0.504,0.505,0.513,0.533,0.547,0.538,0.521,0.466,0.487,0.471,0.478,0.484,0.758,0.793,0.778,0.789,0.787,0.767,0.781,0.779,0.786,0.776,0.741,0.774,0.756,0.751,0.748,0.549,0.557,0.518,0.549,0.563,0.074,0.075,0.073,0.073,0.072,0.073,0.073,0.074,0.075,0.074,0.076,0.075,0.074,0.074,0.075,0.075,0.077,0.075,0.074,0.073,0.074,0.075,0.075,0.076,0.074,0.075,0.075,0.075,0.073,0.074,0.076,0.077,0.078,0.079,0.075,0.074,0.074,0.076
14:27:41,0.074,0.909,0.927,0.964,0.956,0.964,0.881,0.912,0.904,0.076,0.930,0.925,0.930,0.962,0.975,1.474,0.919,0.800,0.821,0.796,0.802,0.840,0.707,0.747,0.750,0.722,0.710,0.466,0.483,0.507,0.530,0.530,0.541,0.563,0.573,0.558,0.538,0.486,0.508,0.490,0.498,0.506,0.785,0.823,0.809,0.817,0.816,0.794,0.810,0.807,0.815,0.803,0.767,0.803,0.783,0.779,0.776,0.577,0.586,0.548,0.580,0.594,0.074,0.075,0.074,0.073,0.072,0.073,0.074,0.075,0.075,0.074,0.076,0.075,0.075,0.074,0.075,0.076,0.077,0.075,0.074,0.073,0.074,0.076,0.075,0.075,0.074,0.074,0.074,0.075,0.074,0.074,0.075,0.077,0.078,0.079,0.075,0.074,0.073,0.076
14:42:41,0.074,0.934,0.953,0.989,0.983,0.992,0.909,0.941,0.936,0.076,0.962,0.955,0.956,0.989,1.002,1.463,0.943,0.826,0.849,0.824,0.828,0.867,0.730,0.752,0.758,0.771,0.729,0.486,0.508,0.533,0.558,0.563,0.558,0.578,0.599,0.587,0.569,0.510,0.538,0.520,0.521,0.530,0.813,0.853,0.838,0.848,0.845,0.823,0.841,0.837,0.843,0.834,0.793,0.832,0.811,0.807,0.804,0.605,0.614,0.575,0.614,0.631,0.074,0.074,0.073,0.073,0.072,0.073,0.073,0.074,0.075,0.074,0.076,0.075,0.074,0.074,0.074,0.075,0.077,0.075,0.073,0.073,0.074,0.075,0.075,0.075,0.074,0.074,0.074,0.075,0.073,0.074,0.075,0.077,0.078,0.079,0.075,0.074,0.074,0.076
14:57:41,0.074,0.959,0.978,1.014,1.008,1.018,0.937,0.974,0.967,0.076,0.997,0.986,0.974,1.014,1.028,1.427,0.971,0.852,0.874,0.851,0.857,0.893,0.753,0.788,0.785,0.770,0.739,0.505,0.538,0.514,0.599,0.607,0.578,0.594,0.617,0.622,0.601,0.533,0.562,0.544,0.545,0.556,0.842,0.881,0.866,0.878,0.874,0.852,0.869,0.868,0.877,0.864,0.823,0.861,0.841,0.837,0.833,0.633,0.646,0.603,0.642,0.657,0.074,0.074,0.073,0.073,0.072,0.073,0.073,0.074,0.075,0.074,0.076,0.075,0.074,0.074,0.074,0.075,0.077,0.075,0.074,0.073,0.074,0.075,0.075,0.076,0.074,0.075,0.074,0.075,0.073,0.074,0.075,0.077,0.078,0.079,0.075,0.074,0.074,0.076
15:12:41,0.074,0.976,0.997,1.032,1.028,1.036,0.964,1.002,0.998,0.076,1.016,1.010,0.985,1.028,1.044,1.425,0.988,0.873,0.898,0.878,0.879,0.916,0.769,0.795,0.800,0.797,0.773,0.546,0.558,0.570,0.607,0.579,0.606,0.625,0.635,0.634,0.627,0.558,0.587,0.568,0.570,0.583,0.870,0.912,0.896,0.906,0.905,0.878,0.898,0.895,0.905,0.893,0.851,0.889,0.868,0.865,0.862,0.668,0.676,0.637,0.670,0.689,0.073,0.074,0.073,0.073,0.072,0.073,0.073,0.074,0.075,0.074,0.076,0.075,0.074,0.074,0.075,0.075,0.077,0.075,0.074,0.074,0.074,0.076,0.075,0.075,0.074,0.075,0.074,0.075,0.073,0.074,0.075,0.077,0.078,0.079,0.075,0.074,0.074,0.076
15:27:40,0.074,0.993,1.014,1.050,1.046,1.054,0.986,1.028,1.022,0.077,1.044,1.042,1.002,1.050,1.068,1.482,1.006,0.904,0.928,0.906,0.903,0.944,0.803,0.838,0.829,0.819,0.791,0.578,0.604,0.599,0.640,0.648,0.635,0.647,0.661,0.653,0.645,0.585,0.616,0.594,0.594,0.611,0.897,0.937,0.923,0.932,0.931,0.905,0.925,0.926,0.933,0.922,0.878,0.917,0.897,0.893,0.890,0.696,0.708,0.666,0.700,0.722,0.074,0.074,0.073,0.073,0.072,0.073,0.073,0.074,0.075,0.074,0.076,0.075,0.074,0.074,0.074,0.075,0.077,0.075,0.074,0.073,0.074,0.075,0.075,0.076,0.074,0.075,0.075,0.075,0.074,0.074,0.075,0.077,0.078,0.079,0.076,0.074,0.074,0.076
15:42:40,0.074,1.000,1.022,1.060,1.056,1.064,1.004,1.050,1.044,0.076,1.066,1.058,1.012,1.062,1.080,1.495,1.018,0.928,0.952,0.931,0.923,0.971,0.833,0.851,0.849,0.853,0.833,0.618,0.649,0.632,0.638,0.647,0.659,0.676,0.681,0.685,0.668,0.609,0.638,0.618,0.619,0.638,0.922,0.964,0.948,0.957,0.959,0.928,0.947,0.949,0.962,0.949,0.904,0.945,0.923,0.920,0.918,0.724,0.735,0.694,0.724,0.747,0.074,0.075,0.074,0.073,0.072,0.073,0.074,0.075,0.075,0.074,0.076,0.075,0.074,0.074,0.075,0.075,0.077,0.075,0.074,0.074,0.074,0.076,0.075,0.075,0.074,0.074,0.074,0.076,0.074,0.074,0.075,0.077,0.078,0.079,0.075,0.074,0.073,0.076
15:57:40,0.074,1.014,1.034,1.070,1.066,1.074,1.024,1.070,1.066,0.077,1.080,1.076,1.022,1.076,1.092,1.486,1.030,0.956,0.983,0.961,0.945,1.000,0.856,0.866,0.887,0.882,0.831,0.643,0.659,0.655,0.679,0.682,0.676,0.687,0.697,0.700,0.687,0.636,0.665,0.642,0.642,0.664,0.942,0.983,0.968,0.980,0.979,0.946,0.970,0.970,0.982,0.967,0.925,0.966,0.947,0.947,0.943,0.754,0.768,0.723,0.754,0.780,0.074,0.075,0.073,0.073,0.072,0.073,0.073,0.075,0.075,0.075,0.076,0.076,0.075,0.074,0.075,0.076,0.078,0.075,0.074,0.074,0.075,0.076,0.075,0.076,0.075,0.075,0.075,0.076,0.074,0.074,0.075,0.077,0.078,0.079,0.075,0.074,0.074,0.076
16:12:40,0.073,1.016,1.040,1.076,1.070,1.078,1.036,1.082,1.080,0.076,1.088,1.084,1.024,1.080,1.098,1.508,1.036,0.976,1.002,0.981,0.962,1.020,0.863,0.887,0.895,0.896,0.867,0.662,0.676,0.668,0.691,0.707,0.701,0.716,0.726,0.730,0.716,0.662,0.696,0.665,0.667,0.687,0.957,0.997,0.982,0.997,0.998,0.960,0.986,0.988,1.002,0.984,0.940,0.981,0.965,0.966,0.965,0.780,0.794,0.750,0.781,0.805,0.074,0.074,0.073,0.073,0.071,0.073,0.073,0.074,0.074,0.074,0.076,0.075,0.074,0.073,0.074,0.075,0.077,0.075,0.074,0.073,0.074,0.075,0.075,0.076,0.074,0.074,0.074,0.075,0.074,0.074,0.075,0.077,0.078,0.079,0.075,0.074,0.073,0.076
16:27:40,0.074,1.020,1.042,1.076,1.074,1.080,1.040,1.088,1.086,0.076,1.100,1.094,1.036,1.092,1.108,1.502,1.048,1.000,1.024,1.004,0.986,1.040,0.871,0.926,0.933,0.895,0.881,0.695,0.706,0.705,0.704,0.722,0.720,0.735,0.752,0.749,0.747,0.686,0.718,0.691,0.693,0.709,0.970,1.010,0.995,1.006,1.010,0.969,0.996,1.000,1.012,0.995,0.954,0.992,0.976,0.979,0.980,0.808,0.820,0.778,0.810,0.834,0.074,0.075,0.073,0.073,0.072,0.073,0.073,0.074,0.075,0.074,0.076,0.075,0.074,0.074,0.074,0.075,0.077,0.075,0.074,0.074,0.074,0.075,0.075,0.076,0.074,0.074,0.075,0.075,0.074,0.074,0.075,0.077,0.078,0.079,0.075,0.074,0.074,0.076
16:42:39,0.074,1.020,1.044,1.078,1.076,1.082,1.044,1.094,1.092,0.076,1.102,1.100,1.040,1.098,1.114,1.493,1.054,1.016,1.042,1.022,1.002,1.056,0.902,0.937,0.932,0.923,0.884,0.721,0.729,0.744,0.728,0.733,0.744,0.755,0.771,0.775,0.760,0.708,0.745,0.717,0.719,0.735,0.979,1.020,1.002,1.020,1.022,0.977,1.004,1.008,1.024,1.006,0.961,1.002,0.986,0.989,0.992,0.834,0.851,0.804,0.839,0.865,0.073,0.074,0.073,0.073,0.072,0.073,0.073,0.074,0.074,0.074,0.076,0.075,0.075,0.074,0.074,0.075,0.077,0.075,0.074,0.074,0.075,0.076,0.075,0.076,0.075,0.075,0.075,0.076,0.074,0.074,0.075,0.077,0.078,0.079,0.075,0.074,0.074,0.076
16:57:39,0.073,1.022,1.044,1.080,1.076,1.084,1.046,1.098,1.098,0.076,1.106,1.104,1.042,1.100,1.117,1.495,1.056,1.026,1.054,1.036,1.010,1.068,0.898,0.955,0.956,0.942,0.918,0.734,0.753,0.752,0.750,0.756,0.769,0.783,0.790,0.794,0.783,0.735,0.772,0.742,0.748,0.763,0.987,1.028,1.010,1.028,1.032,0.982,1.012,1.016,1.030,1.010,0.967,1.008,0.992,0.996,1.000,0.864,0.879,0.835,0.870,0.894,0.074,0.075,0.074,0.073,0.072,0.073,0.073,0.074,0.075,0.074,0.076,0.075,0.074,0.074,0.074,0.075,0.077,0.075,0.073,0.074,0.074,0.076,0.075,0.075,0.074,0.074,0.075,0.075,0.074,0.074,0.075,0.077,0.078,0.079,0.075,0.074,0.074,0.076
17:12:39,0.074,1.022,1.048,1.084,1.080,1.086,1.054,1.102,1.102,0.075,1.114,1.108,1.048,1.106,1.124,1.479,1.064,1.040,1.066,1.052,1.024,1.078,0.919,0.940,0.972,0.934,0.935,0.755,0.779,0.787,0.779,0.783,0.780,0.796,0.817,0.820,0.809,0.758,0.794,0.767,0.771,0.785,0.996,1.034,1.020,1.032,1.036,0.988,1.016,1.020,1.038,1.016,0.973,1.012,0.998,1.002,1.006,0.886,0.905,0.862,0.896,0.921,0.074,0.075,0.074,0.073,0.072,0.073,0.073,0.074,0.075,0.074,0.076,0.076,0.075,0.074,0.074,0.075,0.077,0.075,0.074,0.074,0.075,0.076,0.075,0.076,0.075,0.075,0.075,0.076,0.074,0.074,0.075,0.077,0.078,0.079,0.075,0.074,0.074,0.076
17:27:39,0.073,1.028,1.046,1.082,1.078,1.086,1.052,1.102,1.104,0.076,1.112,1.110,1.044,1.104,1.122,1.479,1.062,1.040,1.070,1.056,1.024,1.084,0.937,0.962,0.978,0.980,0.940,0.789,0.809,0.810,0.806,0.806,0.809,0.824,0.831,0.834,0.830,0.784,0.824,0.794,0.800,0.815,0.999,1.044,1.026,1.040,1.042,0.994,1.018,1.022,1.042,1.020,0.976,1.016,1.002,1.008,1.012,0.910,0.937,0.889,0.926,0.950,0.074,0.075,0.073,0.073,0.072,0.073,0.073,0.074,0.074,0.074,0.076,0.075,0.074,0.074,0.074,0.075,0.077,0.075,0.073,0.073,0.074,0.075,0.075,0.075,0.074,0.074,0.074,0.075,0.074,0.074,0.075,0.077,0.078,0.079,0.075,0.074,0.073,0.075
17:42:40,0.074,1.024,1.048,1.080,1.080,1.086,1.054,1.104,1.106,0.075,1.116,1.110,1.050,1.108,1.125,1.480,1.066,1.050,1.078,1.064,1.034,1.092,0.948,0.967,0.968,0.979,0.926,0.804,0.837,0.826,0.840,0.837,0.831,0.843,0.859,0.860,0.851,0.808,0.849,0.823,0.824,0.839,1.004,1.046,1.028,1.040,1.046,0.994,1.024,1.028,1.046,1.026,0.981,1.022,1.006,1.010,1.018,0.927,0.952,0.912,0.947,0.972,0.074,0.075,0.073,0.073,0.072,0.073,0.073,0.074,0.074,0.074,0.076,0.075,0.074,0.074,0.074,0.075,0.077,0.074,0.074,0.073,0.074,0.075,0.075,0.076,0.075,0.074,0.074,0.075,0.073,0.074,0.075,0.077,0.078,0.079,0.075,0.074,0.073,0.076
17:57:40,0.073,1.028,1.050,1.084,1.082,1.088,1.058,1.106,1.106,0.076,1.118,1.114,1.048,1.108,1.127,1.474,1.066,1.052,1.082,1.068,1.034,1.094,0.966,0.982,0.988,0.987,0.954,0.832,0.857,0.850,0.860,0.854,0.850,0.876,0.877,0.879,0.874,0.831,0.871,0.847,0.850,0.863,1.006,1.046,1.026,1.044,1.050,1.000,1.026,1.032,1.046,1.026,0.984,1.022,1.008,1.014,1.020,0.941,0.970,0.929,0.965,0.992,0.074,0.075,0.074,0.073,0.072,0.073,0.074,0.074,0.075,0.075,0.076,0.075,0.074,0.074,0.074,0.075,0.077,0.074,0.074,0.074,0.074,0.076,0.075,0.076,0.074,0.075,0.075,0.076,0.074,0.074,0.075,0.077,0.078,0.079,0.075,0.074,0.074,0.076
18:12:41,0.074,1.030,1.052,1.086,1.084,1.090,1.058,1.110,1.110,0.076,1.121,1.114,1.052,1.110,1.127,1.481,1.070,1.058,1.086,1.072,1.040,1.098,0.965,0.990,0.997,0.986,0.984,0.857,0.873,0.871,0.877,0.882,0.870,0.889,0.898,0.902,0.898,0.853,0.896,0.871,0.872,0.883,1.008,1.046,1.030,1.046,1.052,1.000,1.028,1.032,1.050,1.028,0.986,1.024,1.010,1.014,1.020,0.952,0.982,0.944,0.980,1.004,0.074,0.075,0.074,0.073,0.072,0.073,0.073,0.074,0.075,0.074,0.077,0.075,0.075,0.074,0.074,0.075,0.077,0.074,0.074,0.074,0.074,0.076,0.075,0.076,0.074,0.075,0.074,0.075,0.074,0.074,0.075,0.077,0.078,0.079,0.075,0.074,0.073,0.076
18:27:42,0.074,1.030,1.052,1.084,1.084,1.090,1.060,1.110,1.110,0.076,1.122,1.117,1.050,1.110,1.127,1.469,1.068,1.058,1.086,1.072,1.040,1.100,0.971,1.004,1.004,0.979,0.966,0.870,0.900,0.896,0.895,0.903,0.887,0.909,0.919,0.923,0.918,0.875,0.918,0.893,0.891,0.909,1.008,1.048,1.030,1.046,1.052,1.000,1.030,1.036,1.052,1.030,0.986,1.024,1.012,1.016,1.024,0.958,0.990,0.951,0.990,1.014,0.074,0.074,0.073,0.073,0.072,0.073,0.074,0.074,0.075,0.075,0.076,0.076,0.074,0.074,0.074,0.075,0.077,0.075,0.074,0.074,0.074,0.076,0.075,0.075,0.075,0.075,0.074,0.076,0.074,0.074,0.075,0.077,0.078,0.079,0.076,0.074,0.073,0.076
18:42:42,0.074,1.034,1.052,1.088,1.086,1.090,1.062,1.112,1.112,0.076,1.123,1.119,1.052,1.112,1.129,1.463,1.072,1.064,1.090,1.074,1.044,1.104,0.989,1.010,1.004,0.996,0.970,0.884,0.921,0.914,0.910,0.916,0.908,0.923,0.934,0.938,0.935,0.899,0.939,0.917,0.910,0.930,1.010,1.048,1.032,1.048,1.052,1.002,1.032,1.036,1.056,1.034,0.989,1.026,1.014,1.018,1.026,0.964,0.997,0.962,0.995,1.022,0.074,0.075,0.073,0.073,0.072,0.073,0.073,0.073,0.074,0.075,0.077,0.075,0.075,0.074,0.074,0.075,0.077,0.075,0.074,0.074,0.074,0.076,0.075,0.076,0.074,0.075,0.074,0.076,0.074,0.074,0.075,0.077,0.079,0.079,0.075,0.074,0.074,0.076
18:57:42,0.074,1.038,1.056,1.088,1.086,1.094,1.064,1.112,1.114,0.076,1.124,1.119,1.052,1.110,1.129,1.461,1.068,1.062,1.092,1.076,1.044,1.106,0.990,1.004,1.006,1.000,0.991,0.909,0.940,0.929,0.933,0.945,0.923,0.942,0.947,0.948,0.945,0.919,0.961,0.936,0.930,0.949,1.008,1.050,1.032,1.046,1.052,1.002,1.032,1.038,1.056,1.034,0.992,1.028,1.016,1.020,1.026,0.969,1.002,0.965,1.000,1.028,0.074,0.075,0.073,0.074,0.072,0.073,0.074,0.074,0.074,0.075,0.076,0.076,0.075,0.074,0.075,0.076,0.078,0.075,0.073,0.074,0.074,0.076,0.075,0.076,0.074,0.075,0.074,0.075,0.074,0.074,0.075,0.077,0.078,0.079,0.075,0.074,0.073,0.076
19:12:41,0.074,1.042,1.058,1.092,1.092,1.096,1.068,1.116,1.119,0.076,1.131,1.122,1.058,1.117,1.133,1.459,1.076,1.070,1.100,1.084,1.050,1.110,0.995,1.012,1.010,1.018,0.982,0.926,0.958,0.939,0.946,0.961,0.928,0.952,0.961,0.972,0.961,0.932,0.977,0.954,0.950,0.966,1.008,1.048,1.028,1.046,1.050,1.004,1.034,1.040,1.056,1.032,0.992,1.030,1.016,1.022,1.028,0.972,1.008,0.971,1.004,1.034,0.074,0.075,0.073,0.074,0.072,0.073,0.073,0.074,0.075,0.074,0.077,0.076,0.075,0.074,0.075,0.075,0.078,0.075,0.074,0.074,0.075,0.076,0.075,0.076,0.075,0.075,0.075,0.076,0.074,0.074,0.075,0.077,0.079,0.079,0.076,0.074,0.073,0.076
19:27:42,0.074,1.044,1.060,1.090,1.088,1.094,1.068,1.114,1.119,0.076,1.124,1.118,1.050,1.110,1.127,1.447,1.068,1.064,1.094,1.080,1.042,1.106,0.997,1.020,1.022,1.032,0.982,0.939,0.967,0.964,0.965,0.972,0.953,0.978,0.982,0.990,0.985,0.956,0.998,0.971,0.967,0.985,1.006,1.046,1.028,1.046,1.052,1.002,1.034,1.040,1.054,1.030,0.989,1.030,1.016,1.022,1.030,0.974,1.008,0.974,1.004,1.034,0.074,0.075,0.073,0.073,0.072,0.073,0.074,0.074,0.075,0.075,0.077,0.076,0.075,0.074,0.075,0.076,0.078,0.075,0.074,0.074,0.074,0.076,0.075,0.076,0.075,0.075,0.075,0.076,0.074,0.074,0.075,0.077,0.078,0.079,0.076,0.074,0.073,0.076
19:42:42,0.073,1.046,1.066,1.096,1.092,1.098,1.072,1.118,1.122,0.076,1.131,1.124,1.056,1.114,1.131,1.453,1.076,1.072,1.100,1.084,1.052,1.110,1.010,1.026,1.028,1.020,1.014,0.947,0.979,0.979,0.979,0.981,0.962,0.986,0.995,1.002,0.998,0.971,1.012,0.988,0.985,1.000,1.006,1.046,1.028,1.044,1.050,1.002,1.032,1.038,1.054,1.030,0.993,1.032,1.018,1.022,1.030,0.976,1.010,0.976,1.008,1.038,0.074,0.075,0.074,0.074,0.072,0.073,0.074,0.074,0.074,0.074,0.076,0.075,0.075,0.073,0.074,0.075,0.077,0.074,0.074,0.074,0.074,0.075,0.075,0.076,0.074,0.074,0.074,0.076,0.073,0.073,0.075,0.077,0.078,0.079,0.075,0.074,0.073,0.076
19:57:42,0.073,1.044,1.064,1.094,1.092,1.098,1.074,1.119,1.124,0.076,1.127,1.122,1.052,1.110,1.127,1.451,1.072,1.068,1.098,1.082,1.048,1.110,1.006,1.032,1.034,1.026,1.020,0.960,0.998,0.996,0.990,0.993,0.972,0.988,0.998,1.010,1.004,0.981,1.026,1.002,0.997,1.014,1.006,1.046,1.030,1.046,1.052,1.002,1.030,1.038,1.054,1.032,0.995,1.034,1.018,1.024,1.030,0.981,1.016,0.978,1.012,1.040,0.074,0.075,0.074,0.074,0.072,0.073,0.073,0.074,0.074,0.075,0.077,0.076,0.075,0.074,0.074,0.076,0.077,0.075,0.074,0.074,0.074,0.076,0.075,0.076,0.075,0.075,0.075,0.075,0.073,0.074,0.075,0.077,0.078,0.080,0.075,0.074,0.074,0.076
20:12:42,0.073,1.048,1.064,1.098,1.094,1.098,1.076,1.121,1.124,0.076,1.131,1.125,1.056,1.114,1.133,1.447,1.078,1.072,1.102,1.086,1.048,1.112,1.010,1.038,1.038,1.028,0.995,0.977,1.010,1.002,1.012,1.014,0.984,0.998,1.014,1.028,1.010,0.990,1.036,1.014,1.008,1.026,1.008,1.046,1.030,1.046,1.050,1.000,1.030,1.036,1.052,1.030,0.995,1.034,1.020,1.026,1.032,0.983,1.016,0.983,1.014,1.042,0.074,0.074,0.073,0.073,0.072,0.073,0.073,0.074,0.075,0.074,0.076,0.075,0.075,0.073,0.074,0.075,0.077,0.075,0.073,0.074,0.074,0.076,0.075,0.076,0.074,0.074,0.074,0.075,0.073,0.073,0.075,0.077,0.078,0.079,0.075,0.073,0.073,0.076
20:27:42,0.073,1.050,1.068,1.102,1.098,1.100,1.076,1.121,1.124,0.076,1.127,1.122,1.054,1.114,1.131,1.443,1.082,1.072,1.102,1.088,1.050,1.112,1.004,1.038,1.044,1.054,1.000,0.982,1.018,1.020,1.020,1.012,0.995,1.012,1.026,1.030,1.028,0.998,1.044,1.022,1.016,1.036,1.008,1.044,1.030,1.044,1.052,1.000,1.030,1.036,1.048,1.028,0.994,1.030,1.018,1.024,1.034,0.984,1.018,0.984,1.016,1.044,0.074,0.074,0.073,0.073,0.072,0.073,0.073,0.074,0.075,0.074,0.076,0.076,0.075,0.074,0.074,0.075,0.077,0.075,0.074,0.074,0.074,0.075,0.075,0.076,0.074,0.074,0.074,0.075,0.073,0.073,0.075,0.077,0.078,0.079,0.075,0.074,0.073,0.076
20:42:39,0.073,1.046,1.066,1.096,1.094,1.100,1.072,1.120,1.124,0.076,1.125,1.120,1.050,1.112,1.129,1.439,1.082,1.070,1.102,1.086,1.052,1.112,1.002,1.046,1.046,1.034,1.002,0.983,1.028,1.020,1.032,1.030,1.006,1.020,1.032,1.034,1.032,1.000,1.050,1.028,1.024,1.040,1.006,1.044,1.026,1.044,1.050,1.000,1.028,1.036,1.050,1.030,0.993,1.032,1.020,1.024,1.032,0.986,1.020,0.984,1.014,1.044,0.074,0.074,0.073,0.073,0.072,0.073,0.073,0.074,0.075,0.074,0.076,0.075,0.075,0.074,0.075,0.076,0.077,0.075,0.073,0.074,0.074,0.075,0.075,0.076,0.074,0.074,0.074,0.075,0.073,0.073,0.075,0.077,0.078,0.079,0.075,0.073,0.073,0.076
20:57:39,0.073,1.054,1.068,1.100,1.098,1.102,1.074,1.121,1.125,0.076,1.127,1.122,1.056,1.117,1.135,1.441,1.088,1.072,1.104,1.088,1.060,1.112,1.022,1.046,1.052,1.036,1.014,0.989,1.036,1.026,1.030,1.030,1.002,1.034,1.042,1.044,1.052,1.008,1.058,1.036,1.028,1.048,1.006,1.046,1.030,1.044,1.050,1.000,1.028,1.034,1.050,1.028,0.994,1.030,1.018,1.022,1.030,0.987,1.020,0.988,1.018,1.048,0.074,0.075,0.073,0.074,0.072,0.073,0.073,0.074,0.074,0.074,0.076,0.076,0.075,0.074,0.074,0.075,0.077,0.075,0.073,0.074,0.074,0.075,0.075,0.076,0.074,0.074,0.074,0.075,0.073,0.074,0.075,0.077,0.078,0.079,0.076,0.074,0.073,0.076
21:12:40,0.074,1.048,1.068,1.098,1.094,1.100,1.074,1.121,1.125,0.076,1.129,1.121,1.060,1.121,1.137,1.439,1.090,1.074,1.102,1.086,1.064,1.117,1.016,1.052,1.056,1.042,1.008,0.998,1.038,1.048,1.058,1.048,1.020,1.040,1.048,1.050,1.046,1.012,1.064,1.040,1.034,1.054,1.008,1.046,1.028,1.044,1.050,1.000,1.030,1.036,1.048,1.028,0.992,1.030,1.018,1.024,1.030,0.988,1.024,0.988,1.016,1.048,0.074,0.075,0.074,0.074,0.072,0.073,0.073,0.074,0.075,0.075,0.077,0.076,0.075,0.074,0.075,0.076,0.078,0.075,0.074,0.074,0.074,0.076,0.076,0.076,0.075,0.075,0.075,0.076,0.074,0.074,0.075,0.078,0.079,0.079,0.076,0.074,0.074,0.076
21:27:40,0.073,1.048,1.068,1.098,1.094,1.100,1.074,1.119,1.122,0.076,1.129,1.121,1.062,1.123,1.139,1.435,1.092,1.074,1.102,1.086,1.062,1.112,1.014,1.052,1.054,1.040,1.020,1.006,1.044,1.046,1.056,1.046,1.022,1.042,1.050,1.058,1.052,1.014,1.068,1.044,1.036,1.058,1.006,1.048,1.028,1.046,1.052,1.000,1.028,1.034,1.050,1.028,0.994,1.028,1.016,1.022,1.030,0.987,1.022,0.988,1.016,1.048,0.074,0.075,0.074,0.073,0.072,0.073,0.073,0.074,0.074,0.074,0.077,0.076,0.075,0.074,0.075,0.076,0.078,0.075,0.074,0.074,0.074,0.075,0.075,0.076,0.074,0.074,0.074,0.076,0.073,0.074,0.075,0.077,0.078,0.079,0.075,0.074,0.073,0.076
21:42:39,0.073,1.054,1.076,1.102,1.096,1.100,1.078,1.120,1.124,0.076,1.133,1.122,1.068,1.127,1.145,1.437,1.100,1.080,1.108,1.092,1.068,1.112,1.050,1.056,1.058,1.042,1.014,1.020,1.060,1.052,1.052,1.052,1.020,1.048,1.060,1.064,1.052,1.016,1.070,1.044,1.036,1.058,1.008,1.048,1.030,1.046,1.050,1.000,1.028,1.032,1.050,1.028,0.993,1.028,1.016,1.026,1.032,0.991,1.024,0.992,1.020,1.052,0.074,0.075,0.074,0.074,0.072,0.073,0.074,0.074,0.074,0.074,0.076,0.076,0.075,0.074,0.074,0.075,0.077,0.075,0.074,0.074,0.074,0.076,0.075,0.076,0.074,0.075,0.075,0.076,0.073,0.074,0.075,0.078,0.079,0.079,0.076,0.074,0.073,0.076
21:57:39,0.073,1.056,1.078,1.104,1.098,1.100,1.082,1.121,1.123,0.076,1.135,1.124,1.072,1.133,1.147,1.437,1.104,1.084,1.112,1.096,1.068,1.114,1.056,1.056,1.060,1.048,1.048,1.018,1.052,1.062,1.056,1.062,1.026,1.048,1.068,1.064,1.062,1.020,1.072,1.048,1.040,1.060,1.008,1.048,1.028,1.044,1.052,1.000,1.028,1.034,1.048,1.028,0.995,1.030,1.016,1.026,1.032,0.988,1.024,0.989,1.018,1.054,0.074,0.075,0.073,0.073,0.072,0.073,0.073,0.074,0.074,0.075,0.076,0.075,0.075,0.074,0.074,0.075,0.077,0.074,0.074,0.074,0.074,0.076,0.075,0.076,0.074,0.074,0.074,0.075,0.073,0.074,0.075,0.077,0.078,0.079,0.076,0.074,0.073,0.076
22:12:39,0.074,1.062,1.080,1.108,1.100,1.102,1.084,1.123,1.122,0.076,1.137,1.127,1.076,1.137,1.155,1.433,1.108,1.086,1.116,1.098,1.074,1.119,1.038,1.060,1.064,1.052,1.056,1.022,1.058,1.062,1.060,1.058,1.038,1.056,1.070,1.070,1.068,1.022,1.072,1.048,1.038,1.062,1.010,1.048,1.030,1.044,1.048,1.002,1.028,1.034,1.048,1.026,0.995,1.032,1.016,1.024,1.028,0.986,1.022,0.989,1.016,1.052,0.074,0.075,0.073,0.073,0.072,0.073,0.073,0.074,0.074,0.074,0.077,0.075,0.075,0.074,0.074,0.075,0.077,0.075,0.074,0.074,0.074,0.076,0.075,0.075,0.074,0.074,0.075,0.076,0.073,0.073,0.075,0.077,0.078,0.079,0.075,0.074,0.073,0.075
22:27:39,0.074,1.064,1.086,1.112,1.100,1.102,1.086,1.123,1.124,0.076,1.141,1.129,1.080,1.143,1.159,1.431,1.108,1.088,1.116,1.100,1.076,1.123,1.032,1.064,1.066,1.052,1.024,1.016,1.064,1.062,1.070,1.058,1.034,1.060,1.070,1.082,1.066,1.022,1.074,1.050,1.042,1.066,1.008,1.046,1.030,1.046,1.050,1.002,1.030,1.034,1.052,1.030,0.997,1.032,1.018,1.024,1.030,0.987,1.020,0.987,1.018,1.050,0.074,0.075,0.074,0.074,0.072,0.073,0.073,0.074,0.074,0.074,0.076,0.076,0.075,0.074,0.074,0.076,0.077,0.075,0.074,0.074,0.074,0.076,0.075,0.076,0.075,0.075,0.075,0.076,0.073,0.074,0.075,0.077,0.079,0.079,0.076,0.073,0.073,0.076
22:42:39,0.073,1.068,1.082,1.112,1.104,1.102,1.088,1.122,1.124,0.076,1.139,1.129,1.078,1.147,1.161,1.433,1.110,1.088,1.117,1.100,1.076,1.125,1.034,1.066,1.070,1.066,1.034,1.020,1.060,1.066,1.076,1.070,1.032,1.074,1.074,1.082,1.070,1.024,1.078,1.050,1.044,1.066,1.008,1.048,1.030,1.046,1.052,1.004,1.030,1.034,1.054,1.030,0.997,1.034,1.020,1.028,1.034,0.987,1.022,0.987,1.016,1.052,0.074,0.075,0.074,0.073,0.072,0.073,0.074,0.074,0.074,0.075,0.076,0.076,0.074,0.074,0.074,0.075,0.077,0.075,0.074,0.074,0.074,0.075,0.075,0.075,0.074,0.074,0.074,0.075,0.074,0.074,0.075,0.077,0.079,0.080,0.076,0.074,0.074,0.076
22:57:39,0.074,1.064,1.074,1.119,1.106,1.104,1.092,1.123,1.125,0.077,1.147,1.137,1.086,1.149,1.163,1.431,1.117,1.098,1.122,1.102,1.074,1.127,1.046,1.064,1.068,1.056,1.056,1.020,1.064,1.066,1.088,1.070,1.032,1.066,1.082,1.084,1.070,1.024,1.076,1.050,1.040,1.066,1.010,1.046,1.028,1.044,1.052,1.004,1.030,1.036,1.056,1.032,0.998,1.036,1.020,1.028,1.036,0.986,1.022,0.987,1.012,1.048,0.074,0.075,0.073,0.073,0.072,0.073,0.073,0.074,0.075,0.075,0.076,0.076,0.075,0.074,0.075,0.076,0.077,0.075,0.074,0.074,0.074,0.076,0.075,0.076,0.075,0.075,0.075,0.076,0.074,0.074,0.075,0.077,0.079,0.079,0.076,0.075,0.074,0.076
23:12:39,0.074,1.070,1.090,1.121,1.114,1.108,1.096,1.125,1.129,0.076,1.151,1.139,1.090,1.151,1.169,1.427,1.118,1.098,1.123,1.108,1.080,1.135,1.054,1.074,1.074,1.062,1.074,1.040,1.068,1.064,1.072,1.064,1.038,1.064,1.080,1.084,1.076,1.026,1.078,1.052,1.044,1.066,1.012,1.048,1.030,1.046,1.052,1.008,1.032,1.038,1.056,1.034,0.996,1.032,1.020,1.030,1.036,0.984,1.020,0.988,1.016,1.052,0.073,0.074,0.073,0.074,0.072,0.073,0.073,0.074,0.075,0.074,0.076,0.075,0.074,0.074,0.074,0.075,0.077,0.075,0.074,0.074,0.074,0.075,0.075,0.076,0.075,0.075,0.075,0.076,0.074,0.073,0.075,0.077,0.079,0.079,0.075,0.074,0.073,0.075
23:27:39,0.074,1.074,1.086,1.119,1.117,1.112,1.098,1.129,1.133,0.076,1.155,1.139,1.086,1.151,1.165,1.425,1.114,1.102,1.125,1.112,1.080,1.135,1.042,1.074,1.076,1.066,1.072,1.022,1.082,1.086,1.084,1.072,1.040,1.066,1.076,1.090,1.078,1.026,1.080,1.052,1.048,1.070,1.018,1.048,1.032,1.046,1.054,1.010,1.036,1.042,1.058,1.034,0.996,1.034,1.024,1.030,1.036,0.987,1.022,0.992,1.018,1.052,0.074,0.075,0.073,0.074,0.072,0.073,0.073,0.074,0.074,0.075,0.076,0.076,0.075,0.074,0.074,0.075,0.077,0.075,0.074,0.074,0.074,0.076,0.075,0.076,0.074,0.075,0.075,0.076,0.074,0.074,0.075,0.077,0.079,0.080,0.076,0.075,0.074,0.076
23:42:39,0.074,1.074,1.092,1.122,1.118,1.114,1.098,1.131,1.135,0.076,1.155,1.141,1.092,1.155,1.167,1.427,1.121,1.106,1.127,1.112,1.086,1.137,1.074,1.078,1.078,1.068,1.064,1.032,1.072,1.070,1.074,1.070,1.046,1.074,1.080,1.090,1.076,1.030,1.082,1.054,1.046,1.070,1.016,1.048,1.030,1.048,1.054,1.010,1.038,1.044,1.058,1.038,0.996,1.036,1.022,1.030,1.038,0.989,1.018,0.988,1.018,1.050,0.074,0.075,0.074,0.073,0.072,0.073,0.073,0.074,0.074,0.075,0.077,0.076,0.074,0.074,0.075,0.075,0.077,0.075,0.073,0.074,0.074,0.076,0.075,0.076,0.075,0.075,0.075,0.076,0.074,0.074,0.075,0.077,0.079,0.080,0.075,0.074,0.074,0.076
